{"cameraMode":{"drawMode":0,"name":"Shaded","section":"Shading Mode"},"sceneLighting":true,"audioPlay":false,"sceneViewState":{"showFog":true,"showMaterialUpdate":true,"showSkybox":true,"showFlares":true,"showImageEffects":true,"showParticleSystems":true},"in2DMode":false,"pivot":{"x":5.221209526062012,"y":-2.0717945098876955,"z":-18.49127197265625},"rotation":{"x":-0.23385858535766602,"y":-0.18047700822353364,"z":0.044224780052900317,"w":-0.954349935054779},"size":35.23965072631836,"orthographic":false}