{"cameraMode":{"drawMode":0,"name":"Shaded","section":"Shading Mode"},"sceneLighting":false,"audioPlay":false,"sceneViewState":{"showFog":false,"showMaterialUpdate":false,"showSkybox":false,"showFlares":false,"showImageEffects":false,"showParticleSystems":false},"in2DMode":false,"pivot":{"x":-1.3697618246078492,"y":-0.5733766555786133,"z":6.336431503295898},"rotation":{"x":-0.03929038718342781,"y":0.021578626707196237,"z":-0.000848890864290297,"w":-0.9989951252937317},"size":2.8578834533691408,"orthographic":false}